filename,width,height,class,xmin,ymin,xmax,ymax
WIN_20240405_19_16_29_Pro_jpg.rf.01a07873e2695608f7d744be7a1da7f7.jpg,640,640,real,71,339,209,580
WIN_20240405_19_16_29_Pro_jpg.rf.01a07873e2695608f7d744be7a1da7f7.jpg,640,640,dummy,207,352,309,564
WIN_20240405_19_16_29_Pro_jpg.rf.01a07873e2695608f7d744be7a1da7f7.jpg,640,640,dummy,323,383,436,609
WIN_20240405_19_16_36_Pro_jpg.rf.12804c173cc33b3ec46fbdd3c9f05fb4.jpg,640,640,real,69,326,205,546
WIN_20240405_19_16_36_Pro_jpg.rf.12804c173cc33b3ec46fbdd3c9f05fb4.jpg,640,640,dummy,208,356,311,560
WIN_20240405_19_16_36_Pro_jpg.rf.12804c173cc33b3ec46fbdd3c9f05fb4.jpg,640,640,dummy,324,383,435,613
WIN_20240405_19_13_04_Pro_jpg.rf.18ccf5622cfc83c5c5fc5b0c539f64ce.jpg,640,640,dummy,84,449,206,640
WIN_20240405_19_13_04_Pro_jpg.rf.18ccf5622cfc83c5c5fc5b0c539f64ce.jpg,640,640,real,275,434,428,640
WIN_20240405_19_13_04_Pro_jpg.rf.18ccf5622cfc83c5c5fc5b0c539f64ce.jpg,640,640,dummy,176,351,272,536
WIN_20240405_19_13_04_Pro_jpg.rf.18ccf5622cfc83c5c5fc5b0c539f64ce.jpg,640,640,dummy,385,322,468,504
WIN_20240405_19_13_04_Pro_jpg.rf.18ccf5622cfc83c5c5fc5b0c539f64ce.jpg,640,640,real,303,266,411,444
WIN_20240405_19_13_04_Pro_jpg.rf.18ccf5622cfc83c5c5fc5b0c539f64ce.jpg,640,640,real,452,382,609,640
WIN_20240405_19_18_00_Pro_jpg.rf.14b149365cbc54eab006666207372f67.jpg,640,640,real,75,417,208,640
WIN_20240405_19_18_00_Pro_jpg.rf.14b149365cbc54eab006666207372f67.jpg,640,640,real,211,292,324,504
WIN_20240405_19_18_00_Pro_jpg.rf.14b149365cbc54eab006666207372f67.jpg,640,640,real,333,376,461,640
WIN_20240405_17_51_41_Pro_jpg.rf.176d28ea14befdd9537190231b73d8c9.jpg,640,640,real,196,408,299,580
WIN_20240405_17_51_41_Pro_jpg.rf.176d28ea14befdd9537190231b73d8c9.jpg,640,640,real,330,391,438,564
WIN_20240405_17_51_41_Pro_jpg.rf.176d28ea14befdd9537190231b73d8c9.jpg,640,640,dummy,265,463,351,634
WIN_20240405_19_08_44_Pro_jpg.rf.0362cf001cbf9fcdcd95b1e42d2892be.jpg,640,640,dummy,67,410,181,640
WIN_20240405_19_08_44_Pro_jpg.rf.0362cf001cbf9fcdcd95b1e42d2892be.jpg,640,640,dummy,221,346,323,546
WIN_20240405_19_08_44_Pro_jpg.rf.0362cf001cbf9fcdcd95b1e42d2892be.jpg,640,640,real,307,377,469,624
WIN_20240405_19_15_05_Pro_jpg.rf.0d9cd410f05cc87b8d04cc00d6ff34a9.jpg,640,640,real,268,292,386,504
WIN_20240405_19_17_31_Pro_jpg.rf.10f802ae1fa565a834244fc1ebc36306.jpg,640,640,dummy,210,430,329,640
WIN_20240405_19_17_31_Pro_jpg.rf.10f802ae1fa565a834244fc1ebc36306.jpg,640,640,dummy,298,370,410,589
WIN_20240405_19_17_31_Pro_jpg.rf.10f802ae1fa565a834244fc1ebc36306.jpg,640,640,real,419,374,577,640
WIN_20240405_19_13_59_Pro_jpg.rf.1152ee9e7c38c696e610806eb9b7f448.jpg,640,640,real,200,350,315,626
WIN_20240405_19_17_20_Pro_jpg.rf.0244949145fc6cfae744873ffbd717ea.jpg,640,640,dummy,168,413,287,640
WIN_20240405_19_17_20_Pro_jpg.rf.0244949145fc6cfae744873ffbd717ea.jpg,640,640,dummy,324,383,434,613
WIN_20240405_19_17_20_Pro_jpg.rf.0244949145fc6cfae744873ffbd717ea.jpg,640,640,real,408,430,573,640
WIN_20240405_19_17_26_Pro_jpg.rf.067108ec056b6c1b0a98492d6a578d28.jpg,640,640,dummy,206,430,327,640
WIN_20240405_19_17_26_Pro_jpg.rf.067108ec056b6c1b0a98492d6a578d28.jpg,640,640,dummy,319,381,426,611
WIN_20240405_19_17_26_Pro_jpg.rf.067108ec056b6c1b0a98492d6a578d28.jpg,640,640,real,429,401,593,640
WIN_20240405_19_10_08_Pro_jpg.rf.0a7f29ac23ea5500c4ebfc2997acdf07.jpg,640,640,dummy,125,453,247,640
WIN_20240405_19_10_08_Pro_jpg.rf.0a7f29ac23ea5500c4ebfc2997acdf07.jpg,640,640,dummy,400,437,528,640
WIN_20240405_19_10_08_Pro_jpg.rf.0a7f29ac23ea5500c4ebfc2997acdf07.jpg,640,640,real,271,347,397,609
WIN_20240405_19_15_15_Pro_jpg.rf.0b19cfbe3cc776e272d9f8e8d432b8f5.jpg,640,640,dummy,20,409,141,637
WIN_20240405_19_15_15_Pro_jpg.rf.0b19cfbe3cc776e272d9f8e8d432b8f5.jpg,640,640,dummy,158,331,254,524
WIN_20240405_19_13_43_Pro_jpg.rf.0d9f8fd9fd31ffc1117fc727edbbe5c8.jpg,640,640,real,219,328,370,562
WIN_20240405_19_09_19_Pro_jpg.rf.02df4343ca07916ac98d7b3bc797b700.jpg,640,640,real,94,327,224,550
WIN_20240405_19_09_19_Pro_jpg.rf.02df4343ca07916ac98d7b3bc797b700.jpg,640,640,dummy,229,332,324,529
WIN_20240405_19_09_19_Pro_jpg.rf.02df4343ca07916ac98d7b3bc797b700.jpg,640,640,dummy,346,331,438,517
WIN_20240405_19_14_15_Pro_jpg.rf.08bdedcfe77d33d389e0df64a6f38212.jpg,640,640,real,83,335,221,565
WIN_20240405_19_12_58_Pro_jpg.rf.0b1f82b45bdcce7cfe42d935a0c13b84.jpg,640,640,dummy,104,491,204,640
WIN_20240405_19_12_58_Pro_jpg.rf.0b1f82b45bdcce7cfe42d935a0c13b84.jpg,640,640,dummy,244,363,350,576
WIN_20240405_19_12_58_Pro_jpg.rf.0b1f82b45bdcce7cfe42d935a0c13b84.jpg,640,640,dummy,379,318,473,508
WIN_20240405_19_12_58_Pro_jpg.rf.0b1f82b45bdcce7cfe42d935a0c13b84.jpg,640,640,real,127,286,247,479
WIN_20240405_19_12_58_Pro_jpg.rf.0b1f82b45bdcce7cfe42d935a0c13b84.jpg,640,640,real,309,267,411,447
WIN_20240405_19_12_58_Pro_jpg.rf.0b1f82b45bdcce7cfe42d935a0c13b84.jpg,640,640,real,453,382,609,640
WIN_20240405_19_15_19_Pro_jpg.rf.002f5d2c534f29f9c624165b9ea133b6.jpg,640,640,dummy,21,414,137,640
WIN_20240405_19_15_19_Pro_jpg.rf.002f5d2c534f29f9c624165b9ea133b6.jpg,640,640,dummy,162,332,256,523
WIN_20240405_19_15_19_Pro_jpg.rf.002f5d2c534f29f9c624165b9ea133b6.jpg,640,640,real,270,261,378,439
WIN_20240405_19_14_25_Pro_jpg.rf.190ae3ecec5ee99e0854f1417601fa05.jpg,640,640,real,76,335,223,565
WIN_20240405_19_14_25_Pro_jpg.rf.190ae3ecec5ee99e0854f1417601fa05.jpg,640,640,real,273,292,389,500
WIN_20240405_19_14_25_Pro_jpg.rf.190ae3ecec5ee99e0854f1417601fa05.jpg,640,640,dummy,197,297,277,464
WIN_20240405_19_08_52_Pro_jpg.rf.05a9c91f968b98e7b9ddc0d01ec7d2cc.jpg,640,640,dummy,68,414,181,638
WIN_20240405_19_08_52_Pro_jpg.rf.05a9c91f968b98e7b9ddc0d01ec7d2cc.jpg,640,640,dummy,351,413,465,640
WIN_20240405_19_08_52_Pro_jpg.rf.05a9c91f968b98e7b9ddc0d01ec7d2cc.jpg,640,640,real,183,376,325,640
WIN_20240405_19_11_25_Pro_jpg.rf.0d12247fd964ffdaf45715f15fbb6cb4.jpg,640,640,real,162,325,294,558
WIN_20240405_19_11_25_Pro_jpg.rf.0d12247fd964ffdaf45715f15fbb6cb4.jpg,640,640,real,399,358,557,609
WIN_20240405_19_11_25_Pro_jpg.rf.0d12247fd964ffdaf45715f15fbb6cb4.jpg,640,640,dummy,284,462,409,640
WIN_20240405_19_11_49_Pro_jpg.rf.1b0d53580e142de9cd1960e2e43cea2d.jpg,640,640,dummy,53,396,155,610
WIN_20240405_19_11_49_Pro_jpg.rf.1b0d53580e142de9cd1960e2e43cea2d.jpg,640,640,dummy,344,388,451,613
WIN_20240405_19_11_49_Pro_jpg.rf.1b0d53580e142de9cd1960e2e43cea2d.jpg,640,640,real,178,326,317,556
WIN_20240405_19_16_05_Pro_jpg.rf.1a75e4c3f5477176fad79147c25c9327.jpg,640,640,real,180,319,317,538
WIN_20240405_19_16_05_Pro_jpg.rf.1a75e4c3f5477176fad79147c25c9327.jpg,640,640,dummy,64,363,162,557
WIN_20240405_19_16_05_Pro_jpg.rf.1a75e4c3f5477176fad79147c25c9327.jpg,640,640,dummy,330,346,428,545
WIN_20240405_19_18_06_Pro_jpg.rf.1cfcc85a798b265e409c9a02d585fe1c.jpg,640,640,real,69,370,189,640
WIN_20240405_19_18_06_Pro_jpg.rf.1cfcc85a798b265e409c9a02d585fe1c.jpg,640,640,real,211,291,324,505
WIN_20240405_19_18_06_Pro_jpg.rf.1cfcc85a798b265e409c9a02d585fe1c.jpg,640,640,real,322,343,444,607
WIN_20240405_19_18_25_Pro_jpg.rf.1ce606ab4ff3c29c0b17564d5a90c1d2.jpg,640,640,dummy,32,400,143,612
WIN_20240405_19_18_25_Pro_jpg.rf.1ce606ab4ff3c29c0b17564d5a90c1d2.jpg,640,640,dummy,148,465,252,640
WIN_20240405_19_18_25_Pro_jpg.rf.1ce606ab4ff3c29c0b17564d5a90c1d2.jpg,640,640,real,170,299,291,513
WIN_20240405_19_18_25_Pro_jpg.rf.1ce606ab4ff3c29c0b17564d5a90c1d2.jpg,640,640,real,321,346,444,608
WIN_20240405_19_17_26_Pro_jpg.rf.1d44761248ec9d5940def37a67f13c64.jpg,640,640,dummy,206,430,327,640
WIN_20240405_19_17_26_Pro_jpg.rf.1d44761248ec9d5940def37a67f13c64.jpg,640,640,dummy,319,381,426,611
WIN_20240405_19_17_26_Pro_jpg.rf.1d44761248ec9d5940def37a67f13c64.jpg,640,640,real,429,401,593,640
WIN_20240405_19_13_43_Pro_jpg.rf.1db122d0b29aa812e5d2adb9a73bfb1f.jpg,640,640,real,219,328,370,562
WIN_20240405_19_15_52_Pro_jpg.rf.1e58af68207bc3d33bc2504526099f34.jpg,640,640,real,86,323,209,557
WIN_20240405_19_15_52_Pro_jpg.rf.1e58af68207bc3d33bc2504526099f34.jpg,640,640,dummy,220,334,317,527
WIN_20240405_19_15_52_Pro_jpg.rf.1e58af68207bc3d33bc2504526099f34.jpg,640,640,dummy,356,328,452,525
WIN_20240405_19_15_05_Pro_jpg.rf.1f163ea31b52b56a87a38bb296230347.jpg,640,640,real,268,292,386,504
WIN_20240405_19_13_04_Pro_jpg.rf.218b5bd8a22b6907799c521c5e0b0dba.jpg,640,640,dummy,84,449,206,640
WIN_20240405_19_13_04_Pro_jpg.rf.218b5bd8a22b6907799c521c5e0b0dba.jpg,640,640,real,275,434,428,640
WIN_20240405_19_13_04_Pro_jpg.rf.218b5bd8a22b6907799c521c5e0b0dba.jpg,640,640,dummy,176,351,272,536
WIN_20240405_19_13_04_Pro_jpg.rf.218b5bd8a22b6907799c521c5e0b0dba.jpg,640,640,dummy,385,322,468,504
WIN_20240405_19_13_04_Pro_jpg.rf.218b5bd8a22b6907799c521c5e0b0dba.jpg,640,640,real,303,266,411,444
WIN_20240405_19_13_04_Pro_jpg.rf.218b5bd8a22b6907799c521c5e0b0dba.jpg,640,640,real,452,382,609,640
WIN_20240405_19_12_18_Pro_jpg.rf.20ad4b529136a0d0c8cf103a0fb21b37.jpg,640,640,dummy,144,360,242,561
WIN_20240405_19_12_18_Pro_jpg.rf.20ad4b529136a0d0c8cf103a0fb21b37.jpg,640,640,dummy,452,417,570,640
WIN_20240405_19_12_18_Pro_jpg.rf.20ad4b529136a0d0c8cf103a0fb21b37.jpg,640,640,real,254,380,419,634
WIN_20240405_19_18_19_Pro_jpg.rf.26fe6795b6f35cc73a5198bd83092504.jpg,640,640,dummy,35,402,142,612
WIN_20240405_19_18_19_Pro_jpg.rf.26fe6795b6f35cc73a5198bd83092504.jpg,640,640,dummy,149,462,256,640
WIN_20240405_19_18_19_Pro_jpg.rf.26fe6795b6f35cc73a5198bd83092504.jpg,640,640,real,211,287,328,504
WIN_20240405_19_18_19_Pro_jpg.rf.26fe6795b6f35cc73a5198bd83092504.jpg,640,640,real,320,348,444,606
WIN_20240405_19_10_46_Pro_jpg.rf.2a6d1d4084f7e1d5f29d01f6dd2eea21.jpg,640,640,dummy,59,433,172,640
WIN_20240405_19_10_46_Pro_jpg.rf.2a6d1d4084f7e1d5f29d01f6dd2eea21.jpg,640,640,real,171,313,304,536
WIN_20240405_19_10_46_Pro_jpg.rf.2a6d1d4084f7e1d5f29d01f6dd2eea21.jpg,640,640,real,329,304,457,526
WIN_20240405_19_17_11_Pro_jpg.rf.2070e06bb963da9ac73fec2eba126e0b.jpg,640,640,real,45,390,204,640
WIN_20240405_19_17_11_Pro_jpg.rf.2070e06bb963da9ac73fec2eba126e0b.jpg,640,640,dummy,238,420,346,640
WIN_20240405_19_17_11_Pro_jpg.rf.2070e06bb963da9ac73fec2eba126e0b.jpg,640,640,dummy,434,457,559,640
WIN_20240405_19_14_18_Pro_jpg.rf.251efaacb884df2106a810c2c6837524.jpg,640,640,real,79,336,221,562
WIN_20240405_19_14_18_Pro_jpg.rf.251efaacb884df2106a810c2c6837524.jpg,640,640,real,266,294,385,503
WIN_20240405_19_13_36_Pro_jpg.rf.27e54aee09655d573e9e16ba1ba1b760.jpg,640,640,real,230,417,395,640
WIN_20240405_19_13_36_Pro_jpg.rf.27e54aee09655d573e9e16ba1ba1b760.jpg,640,640,dummy,124,413,243,640
WIN_20240405_19_14_07_Pro_jpg.rf.3567c68910a899876b286000a246bf15.jpg,640,640,real,150,337,271,595
WIN_20240405_19_09_47_Pro_jpg.rf.3205eb947288ebb3a9e7123a2416058b.jpg,640,640,real,89,322,225,550
WIN_20240405_19_09_47_Pro_jpg.rf.3205eb947288ebb3a9e7123a2416058b.jpg,640,640,dummy,230,332,330,524
WIN_20240405_19_09_47_Pro_jpg.rf.3205eb947288ebb3a9e7123a2416058b.jpg,640,640,dummy,348,325,436,519
WIN_20240405_19_11_59_Pro_jpg.rf.1e944159bd39c8eab72974e8e88b67f7.jpg,640,640,dummy,143,454,265,640
WIN_20240405_19_11_59_Pro_jpg.rf.1e944159bd39c8eab72974e8e88b67f7.jpg,640,640,dummy,450,417,569,640
WIN_20240405_19_11_59_Pro_jpg.rf.1e944159bd39c8eab72974e8e88b67f7.jpg,640,640,real,257,365,416,627
WIN_20240405_19_12_18_Pro_jpg.rf.37516c18896e93664022e033f1e75e0e.jpg,640,640,dummy,144,360,242,561
WIN_20240405_19_12_18_Pro_jpg.rf.37516c18896e93664022e033f1e75e0e.jpg,640,640,dummy,452,417,570,640
WIN_20240405_19_12_18_Pro_jpg.rf.37516c18896e93664022e033f1e75e0e.jpg,640,640,real,254,380,419,634
WIN_20240405_19_08_50_Pro_jpg.rf.2c108fadb71e9faa7a1e231949456ff8.jpg,640,640,dummy,65,410,182,640
WIN_20240405_19_08_50_Pro_jpg.rf.2c108fadb71e9faa7a1e231949456ff8.jpg,640,640,dummy,355,411,467,640
WIN_20240405_19_08_50_Pro_jpg.rf.2c108fadb71e9faa7a1e231949456ff8.jpg,640,640,real,184,373,323,640
WIN_20240405_19_09_08_Pro_jpg.rf.2cff449aaae7181fcf63a4eac132b154.jpg,640,640,dummy,68,368,165,580
WIN_20240405_19_09_08_Pro_jpg.rf.2cff449aaae7181fcf63a4eac132b154.jpg,640,640,dummy,339,343,436,552
WIN_20240405_19_09_08_Pro_jpg.rf.2cff449aaae7181fcf63a4eac132b154.jpg,640,640,real,196,326,331,550
WIN_20240405_19_12_54_Pro_jpg.rf.2bc0fb0df630e7f9ffd74922483c6136.jpg,640,640,dummy,73,388,182,607
WIN_20240405_19_12_54_Pro_jpg.rf.2bc0fb0df630e7f9ffd74922483c6136.jpg,640,640,dummy,245,367,351,579
WIN_20240405_19_12_54_Pro_jpg.rf.2bc0fb0df630e7f9ffd74922483c6136.jpg,640,640,dummy,380,322,470,508
WIN_20240405_19_12_54_Pro_jpg.rf.2bc0fb0df630e7f9ffd74922483c6136.jpg,640,640,real,130,286,247,478
WIN_20240405_19_12_54_Pro_jpg.rf.2bc0fb0df630e7f9ffd74922483c6136.jpg,640,640,real,313,269,414,445
WIN_20240405_19_12_54_Pro_jpg.rf.2bc0fb0df630e7f9ffd74922483c6136.jpg,640,640,real,453,385,610,640
WIN_20240405_19_11_25_Pro_jpg.rf.2d875fe4cb18b1a078f2f234ce739e38.jpg,640,640,real,162,325,294,558
WIN_20240405_19_11_25_Pro_jpg.rf.2d875fe4cb18b1a078f2f234ce739e38.jpg,640,640,real,399,358,557,609
WIN_20240405_19_11_25_Pro_jpg.rf.2d875fe4cb18b1a078f2f234ce739e38.jpg,640,640,dummy,284,462,409,640
WIN_20240405_19_18_19_Pro_jpg.rf.3a3608c15d05feff7166cc32e58d74b1.jpg,640,640,dummy,35,402,142,612
WIN_20240405_19_18_19_Pro_jpg.rf.3a3608c15d05feff7166cc32e58d74b1.jpg,640,640,dummy,149,462,256,640
WIN_20240405_19_18_19_Pro_jpg.rf.3a3608c15d05feff7166cc32e58d74b1.jpg,640,640,real,211,287,328,504
WIN_20240405_19_18_19_Pro_jpg.rf.3a3608c15d05feff7166cc32e58d74b1.jpg,640,640,real,320,348,444,606
WIN_20240405_19_13_04_Pro_jpg.rf.2392dbe827bd0a54a9d91d2a6bf66370.jpg,640,640,dummy,84,449,206,640
WIN_20240405_19_13_04_Pro_jpg.rf.2392dbe827bd0a54a9d91d2a6bf66370.jpg,640,640,real,275,434,428,640
WIN_20240405_19_13_04_Pro_jpg.rf.2392dbe827bd0a54a9d91d2a6bf66370.jpg,640,640,dummy,176,351,272,536
WIN_20240405_19_13_04_Pro_jpg.rf.2392dbe827bd0a54a9d91d2a6bf66370.jpg,640,640,dummy,385,322,468,504
WIN_20240405_19_13_04_Pro_jpg.rf.2392dbe827bd0a54a9d91d2a6bf66370.jpg,640,640,real,303,266,411,444
WIN_20240405_19_13_04_Pro_jpg.rf.2392dbe827bd0a54a9d91d2a6bf66370.jpg,640,640,real,452,382,609,640
WIN_20240405_19_13_12_Pro_jpg.rf.33c84d67f8a208c742b60840b70c7630.jpg,640,640,dummy,84,452,210,640
WIN_20240405_19_13_12_Pro_jpg.rf.33c84d67f8a208c742b60840b70c7630.jpg,640,640,dummy,173,350,280,537
WIN_20240405_19_13_12_Pro_jpg.rf.33c84d67f8a208c742b60840b70c7630.jpg,640,640,dummy,380,319,470,507
WIN_20240405_19_13_12_Pro_jpg.rf.33c84d67f8a208c742b60840b70c7630.jpg,640,640,real,231,435,395,640
WIN_20240405_19_13_12_Pro_jpg.rf.33c84d67f8a208c742b60840b70c7630.jpg,640,640,real,453,382,609,640
WIN_20240405_19_13_43_Pro_jpg.rf.3cea792809537678e19256e00dd7a2fa.jpg,640,640,real,219,328,370,562
WIN_20240405_19_18_06_Pro_jpg.rf.3c0f073a2068b347b514eea368b48033.jpg,640,640,real,69,370,189,640
WIN_20240405_19_18_06_Pro_jpg.rf.3c0f073a2068b347b514eea368b48033.jpg,640,640,real,211,291,324,505
WIN_20240405_19_18_06_Pro_jpg.rf.3c0f073a2068b347b514eea368b48033.jpg,640,640,real,322,343,444,607
WIN_20240405_19_11_04_Pro_jpg.rf.38377684ba46fb0eb3849e590a80d6e0.jpg,640,640,real,144,337,281,587
WIN_20240405_19_11_04_Pro_jpg.rf.38377684ba46fb0eb3849e590a80d6e0.jpg,640,640,dummy,276,380,389,600
WIN_20240405_19_11_04_Pro_jpg.rf.38377684ba46fb0eb3849e590a80d6e0.jpg,640,640,real,403,313,547,563
WIN_20240405_19_17_11_Pro_jpg.rf.421ef8ed58db99754e7b94e8d87ad827.jpg,640,640,real,45,390,204,640
WIN_20240405_19_17_11_Pro_jpg.rf.421ef8ed58db99754e7b94e8d87ad827.jpg,640,640,dummy,238,420,346,640
WIN_20240405_19_17_11_Pro_jpg.rf.421ef8ed58db99754e7b94e8d87ad827.jpg,640,640,dummy,434,457,559,640
WIN_20240405_19_12_38_Pro_jpg.rf.3c8e19d9d2419cc8c8a500666f09e09e.jpg,640,640,dummy,74,388,184,606
WIN_20240405_19_12_38_Pro_jpg.rf.3c8e19d9d2419cc8c8a500666f09e09e.jpg,640,640,dummy,242,365,349,578
WIN_20240405_19_12_38_Pro_jpg.rf.3c8e19d9d2419cc8c8a500666f09e09e.jpg,640,640,real,371,350,511,615
WIN_20240405_19_16_15_Pro_jpg.rf.3d9fb48774958f72c4ef751f6cfd781f.jpg,640,640,dummy,18,436,138,640
WIN_20240405_19_16_15_Pro_jpg.rf.3d9fb48774958f72c4ef751f6cfd781f.jpg,640,640,dummy,338,442,464,640
WIN_20240405_19_16_15_Pro_jpg.rf.3d9fb48774958f72c4ef751f6cfd781f.jpg,640,640,real,190,356,361,612
WIN_20240405_19_15_01_Pro_jpg.rf.479342296dd2a5c7f3bed2fce9497f4e.jpg,640,640,dummy,195,299,279,464
WIN_20240405_19_15_01_Pro_jpg.rf.479342296dd2a5c7f3bed2fce9497f4e.jpg,640,640,real,273,292,385,502
WIN_20240405_19_11_38_Pro_jpg.rf.3fe4787ddfe0d0cb95ce5e9897584739.jpg,640,640,real,161,324,290,558
WIN_20240405_19_11_38_Pro_jpg.rf.3fe4787ddfe0d0cb95ce5e9897584739.jpg,640,640,real,325,304,463,533
WIN_20240405_19_11_38_Pro_jpg.rf.3fe4787ddfe0d0cb95ce5e9897584739.jpg,640,640,dummy,231,437,351,640
WIN_20240405_19_17_50_Pro_jpg.rf.467c55054c3107de4f354f9634bf9085.jpg,640,640,real,59,417,234,640
WIN_20240405_19_17_50_Pro_jpg.rf.467c55054c3107de4f354f9634bf9085.jpg,640,640,real,184,300,317,512
WIN_20240405_19_17_50_Pro_jpg.rf.467c55054c3107de4f354f9634bf9085.jpg,640,640,real,322,361,486,619
WIN_20240405_19_10_31_Pro_jpg.rf.4159c68e02fcea71bca90baee2aa0cd8.jpg,640,640,dummy,63,435,181,640
WIN_20240405_19_10_31_Pro_jpg.rf.4159c68e02fcea71bca90baee2aa0cd8.jpg,640,640,dummy,272,427,394,640
WIN_20240405_19_10_31_Pro_jpg.rf.4159c68e02fcea71bca90baee2aa0cd8.jpg,640,640,real,140,314,251,543
WIN_20240405_19_10_31_Pro_jpg.rf.4159c68e02fcea71bca90baee2aa0cd8.jpg,640,640,real,378,337,499,601
WIN_20240405_19_16_15_Pro_jpg.rf.48857d83d0e72a7800a5fa5fd183543d.jpg,640,640,dummy,18,436,138,640
WIN_20240405_19_16_15_Pro_jpg.rf.48857d83d0e72a7800a5fa5fd183543d.jpg,640,640,dummy,338,442,464,640
WIN_20240405_19_16_15_Pro_jpg.rf.48857d83d0e72a7800a5fa5fd183543d.jpg,640,640,real,190,356,361,612
WIN_20240405_19_17_50_Pro_jpg.rf.4b44a18f46b0ad39333223149f0df6dc.jpg,640,640,real,59,417,234,640
WIN_20240405_19_17_50_Pro_jpg.rf.4b44a18f46b0ad39333223149f0df6dc.jpg,640,640,real,184,300,317,512
WIN_20240405_19_17_50_Pro_jpg.rf.4b44a18f46b0ad39333223149f0df6dc.jpg,640,640,real,322,361,486,619
WIN_20240405_19_15_42_Pro_jpg.rf.4824fc914fa1f2086746ea604816dac7.jpg,640,640,real,82,319,203,542
WIN_20240405_19_15_42_Pro_jpg.rf.4824fc914fa1f2086746ea604816dac7.jpg,640,640,real,171,395,339,640
WIN_20240405_19_15_42_Pro_jpg.rf.4824fc914fa1f2086746ea604816dac7.jpg,640,640,dummy,284,328,356,515
WIN_20240405_19_15_01_Pro_jpg.rf.4db36d2e7b20efacce153cc8db98787e.jpg,640,640,dummy,195,299,279,464
WIN_20240405_19_15_01_Pro_jpg.rf.4db36d2e7b20efacce153cc8db98787e.jpg,640,640,real,273,292,385,502
WIN_20240405_19_10_46_Pro_jpg.rf.4da901481cf7b0465a3cd2d2d9c16d4c.jpg,640,640,dummy,59,433,172,640
WIN_20240405_19_10_46_Pro_jpg.rf.4da901481cf7b0465a3cd2d2d9c16d4c.jpg,640,640,real,171,313,304,536
WIN_20240405_19_10_46_Pro_jpg.rf.4da901481cf7b0465a3cd2d2d9c16d4c.jpg,640,640,real,329,304,457,526
WIN_20240405_19_12_33_Pro_jpg.rf.4dbe6680a0c4e8d73b9f04823c4c1ff7.jpg,640,640,dummy,71,387,184,608
WIN_20240405_19_12_33_Pro_jpg.rf.4dbe6680a0c4e8d73b9f04823c4c1ff7.jpg,640,640,dummy,199,361,288,568
WIN_20240405_19_12_33_Pro_jpg.rf.4dbe6680a0c4e8d73b9f04823c4c1ff7.jpg,640,640,real,313,321,451,555
WIN_20240405_19_11_59_Pro_jpg.rf.4dba507576748954470f125a7ea42cbe.jpg,640,640,dummy,143,454,265,640
WIN_20240405_19_11_59_Pro_jpg.rf.4dba507576748954470f125a7ea42cbe.jpg,640,640,dummy,450,417,569,640
WIN_20240405_19_11_59_Pro_jpg.rf.4dba507576748954470f125a7ea42cbe.jpg,640,640,real,257,365,416,627
WIN_20240405_19_09_38_Pro_jpg.rf.52f9639c7e7e481bc0b9ef439fe2cc1c.jpg,640,640,real,88,334,218,564
WIN_20240405_19_09_38_Pro_jpg.rf.52f9639c7e7e481bc0b9ef439fe2cc1c.jpg,640,640,dummy,230,332,327,523
WIN_20240405_19_09_38_Pro_jpg.rf.52f9639c7e7e481bc0b9ef439fe2cc1c.jpg,640,640,dummy,349,331,437,516
WIN_20240405_19_15_42_Pro_jpg.rf.4d23ebe031df2dfd8c5a25c1a29b3269.jpg,640,640,real,82,319,203,542
WIN_20240405_19_15_42_Pro_jpg.rf.4d23ebe031df2dfd8c5a25c1a29b3269.jpg,640,640,real,171,395,339,640
WIN_20240405_19_15_42_Pro_jpg.rf.4d23ebe031df2dfd8c5a25c1a29b3269.jpg,640,640,dummy,284,328,356,515
WIN_20240405_19_13_22_Pro_jpg.rf.54994fbdc50db7c2e8066e1ce47c50d9.jpg,640,640,real,232,437,389,640
WIN_20240405_19_13_22_Pro_jpg.rf.54994fbdc50db7c2e8066e1ce47c50d9.jpg,640,640,real,397,401,571,640
WIN_20240405_19_13_22_Pro_jpg.rf.54994fbdc50db7c2e8066e1ce47c50d9.jpg,640,640,dummy,84,449,207,640
WIN_20240405_19_18_15_Pro_jpg.rf.5142425235e0f61f18c0167413acc4b7.jpg,640,640,real,317,345,444,604
WIN_20240405_19_18_15_Pro_jpg.rf.5142425235e0f61f18c0167413acc4b7.jpg,640,640,real,212,293,325,502
WIN_20240405_19_18_15_Pro_jpg.rf.5142425235e0f61f18c0167413acc4b7.jpg,640,640,dummy,32,398,143,612
WIN_20240405_19_12_54_Pro_jpg.rf.4ea9137b782f438cec454dc7affcb666.jpg,640,640,dummy,73,388,182,607
WIN_20240405_19_12_54_Pro_jpg.rf.4ea9137b782f438cec454dc7affcb666.jpg,640,640,dummy,245,367,351,579
WIN_20240405_19_12_54_Pro_jpg.rf.4ea9137b782f438cec454dc7affcb666.jpg,640,640,dummy,380,322,470,508
WIN_20240405_19_12_54_Pro_jpg.rf.4ea9137b782f438cec454dc7affcb666.jpg,640,640,real,130,286,247,478
WIN_20240405_19_12_54_Pro_jpg.rf.4ea9137b782f438cec454dc7affcb666.jpg,640,640,real,313,269,414,445
WIN_20240405_19_12_54_Pro_jpg.rf.4ea9137b782f438cec454dc7affcb666.jpg,640,640,real,453,385,610,640
WIN_20240405_19_14_18_Pro_jpg.rf.525c7237e03f5c2053121aa7b1f127da.jpg,640,640,real,79,336,221,562
WIN_20240405_19_14_18_Pro_jpg.rf.525c7237e03f5c2053121aa7b1f127da.jpg,640,640,real,266,294,385,503
WIN_20240405_19_18_15_Pro_jpg.rf.57855c216bedb2deaad5961cc7d9fb12.jpg,640,640,real,317,345,444,604
WIN_20240405_19_18_15_Pro_jpg.rf.57855c216bedb2deaad5961cc7d9fb12.jpg,640,640,real,212,293,325,502
WIN_20240405_19_18_15_Pro_jpg.rf.57855c216bedb2deaad5961cc7d9fb12.jpg,640,640,dummy,32,398,143,612
WIN_20240405_19_17_31_Pro_jpg.rf.558570359050c193b2da1c77d03a2b67.jpg,640,640,dummy,210,430,329,640
WIN_20240405_19_17_31_Pro_jpg.rf.558570359050c193b2da1c77d03a2b67.jpg,640,640,dummy,298,370,410,589
WIN_20240405_19_17_31_Pro_jpg.rf.558570359050c193b2da1c77d03a2b67.jpg,640,640,real,419,374,577,640
WIN_20240405_19_12_07_Pro_jpg.rf.5366803a7906852dfc50a2999a7a5d17.jpg,640,640,dummy,143,360,241,559
WIN_20240405_19_12_07_Pro_jpg.rf.5366803a7906852dfc50a2999a7a5d17.jpg,640,640,dummy,452,414,569,640
WIN_20240405_19_12_07_Pro_jpg.rf.5366803a7906852dfc50a2999a7a5d17.jpg,640,640,real,257,367,417,625
WIN_20240405_19_16_05_Pro_jpg.rf.50c02d92e763d0901ac9401e086bbc72.jpg,640,640,real,180,319,317,538
WIN_20240405_19_16_05_Pro_jpg.rf.50c02d92e763d0901ac9401e086bbc72.jpg,640,640,dummy,64,363,162,557
WIN_20240405_19_16_05_Pro_jpg.rf.50c02d92e763d0901ac9401e086bbc72.jpg,640,640,dummy,330,346,428,545
WIN_20240405_19_17_38_Pro_jpg.rf.5700e7aa5643b9e7d98362c515448b1b.jpg,640,640,real,416,369,580,640
WIN_20240405_19_12_42_Pro_jpg.rf.5ff056f8c761ddf47f2252015a81b8a0.jpg,640,640,dummy,73,384,184,609
WIN_20240405_19_12_42_Pro_jpg.rf.5ff056f8c761ddf47f2252015a81b8a0.jpg,640,640,dummy,243,367,350,576
WIN_20240405_19_12_42_Pro_jpg.rf.5ff056f8c761ddf47f2252015a81b8a0.jpg,640,640,real,185,283,289,480
WIN_20240405_19_12_42_Pro_jpg.rf.5ff056f8c761ddf47f2252015a81b8a0.jpg,640,640,real,372,352,511,612
WIN_20240405_19_09_38_Pro_jpg.rf.60f44b75e1f740dc2a8ce584385f03a6.jpg,640,640,real,88,334,218,564
WIN_20240405_19_09_38_Pro_jpg.rf.60f44b75e1f740dc2a8ce584385f03a6.jpg,640,640,dummy,230,332,327,523
WIN_20240405_19_09_38_Pro_jpg.rf.60f44b75e1f740dc2a8ce584385f03a6.jpg,640,640,dummy,349,331,437,516
WIN_20240405_19_14_07_Pro_jpg.rf.5c79152e94b1e3ba5d45257fd0228373.jpg,640,640,real,150,337,271,595
WIN_20240405_19_14_15_Pro_jpg.rf.6405e44c3cb80d29c661407574a73b29.jpg,640,640,real,83,335,221,565
WIN_20240405_19_12_38_Pro_jpg.rf.663ed477c70448d5d520a3ed4fddd321.jpg,640,640,dummy,74,388,184,606
WIN_20240405_19_12_38_Pro_jpg.rf.663ed477c70448d5d520a3ed4fddd321.jpg,640,640,dummy,242,365,349,578
WIN_20240405_19_12_38_Pro_jpg.rf.663ed477c70448d5d520a3ed4fddd321.jpg,640,640,real,371,350,511,615
WIN_20240405_19_08_40_Pro_jpg.rf.4f5d4e76fb8ce6f2ff983f4fe120df09.jpg,640,640,dummy,70,411,182,637
WIN_20240405_19_08_40_Pro_jpg.rf.4f5d4e76fb8ce6f2ff983f4fe120df09.jpg,640,640,dummy,188,394,303,609
WIN_20240405_19_08_40_Pro_jpg.rf.4f5d4e76fb8ce6f2ff983f4fe120df09.jpg,640,640,real,306,372,471,628
WIN_20240405_19_17_26_Pro_jpg.rf.628658aab387d30e62577f0e42d2fbcb.jpg,640,640,dummy,206,430,327,640
WIN_20240405_19_17_26_Pro_jpg.rf.628658aab387d30e62577f0e42d2fbcb.jpg,640,640,dummy,319,381,426,611
WIN_20240405_19_17_26_Pro_jpg.rf.628658aab387d30e62577f0e42d2fbcb.jpg,640,640,real,429,401,593,640
WIN_20240405_19_13_28_Pro_jpg.rf.67e08574412fd4325fdb743a792f95ea.jpg,640,640,dummy,127,412,241,640
WIN_20240405_19_13_28_Pro_jpg.rf.67e08574412fd4325fdb743a792f95ea.jpg,640,640,real,236,340,384,609
WIN_20240405_19_13_28_Pro_jpg.rf.67e08574412fd4325fdb743a792f95ea.jpg,640,640,real,400,405,566,640
WIN_20240405_19_09_02_Pro_jpg.rf.6c04b430b6260c0a51c20b5d7ee07a1e.jpg,640,640,dummy,16,413,130,640
WIN_20240405_19_09_02_Pro_jpg.rf.6c04b430b6260c0a51c20b5d7ee07a1e.jpg,640,640,dummy,354,414,468,640
WIN_20240405_19_09_02_Pro_jpg.rf.6c04b430b6260c0a51c20b5d7ee07a1e.jpg,640,640,real,150,406,301,640
WIN_20240405_19_10_46_Pro_jpg.rf.66cd4ce240ef27bb7943419280ed0070.jpg,640,640,dummy,59,433,172,640
WIN_20240405_19_10_46_Pro_jpg.rf.66cd4ce240ef27bb7943419280ed0070.jpg,640,640,real,171,313,304,536
WIN_20240405_19_10_46_Pro_jpg.rf.66cd4ce240ef27bb7943419280ed0070.jpg,640,640,real,329,304,457,526
WIN_20240405_19_13_22_Pro_jpg.rf.651d768901849d823255865b5d9a3bae.jpg,640,640,real,232,437,389,640
WIN_20240405_19_13_22_Pro_jpg.rf.651d768901849d823255865b5d9a3bae.jpg,640,640,real,397,401,571,640
WIN_20240405_19_13_22_Pro_jpg.rf.651d768901849d823255865b5d9a3bae.jpg,640,640,dummy,84,449,207,640
WIN_20240405_19_12_33_Pro_jpg.rf.71513238fc98721eaf32451cb5ac403c.jpg,640,640,dummy,71,387,184,608
WIN_20240405_19_12_33_Pro_jpg.rf.71513238fc98721eaf32451cb5ac403c.jpg,640,640,dummy,199,361,288,568
WIN_20240405_19_12_33_Pro_jpg.rf.71513238fc98721eaf32451cb5ac403c.jpg,640,640,real,313,321,451,555
WIN_20240405_19_08_50_Pro_jpg.rf.6114a09f9e4935a61d80991a8bb8917d.jpg,640,640,dummy,65,410,182,640
WIN_20240405_19_08_50_Pro_jpg.rf.6114a09f9e4935a61d80991a8bb8917d.jpg,640,640,dummy,355,411,467,640
WIN_20240405_19_08_50_Pro_jpg.rf.6114a09f9e4935a61d80991a8bb8917d.jpg,640,640,real,184,373,323,640
WIN_20240405_19_14_25_Pro_jpg.rf.633477407dfb673685982b25794c36c1.jpg,640,640,real,76,335,223,565
WIN_20240405_19_14_25_Pro_jpg.rf.633477407dfb673685982b25794c36c1.jpg,640,640,real,273,292,389,500
WIN_20240405_19_14_25_Pro_jpg.rf.633477407dfb673685982b25794c36c1.jpg,640,640,dummy,197,297,277,464
WIN_20240405_19_09_08_Pro_jpg.rf.5a8708c5a0f292f47e5aa770872d0421.jpg,640,640,dummy,68,368,165,580
WIN_20240405_19_09_08_Pro_jpg.rf.5a8708c5a0f292f47e5aa770872d0421.jpg,640,640,dummy,339,343,436,552
WIN_20240405_19_09_08_Pro_jpg.rf.5a8708c5a0f292f47e5aa770872d0421.jpg,640,640,real,196,326,331,550
WIN_20240405_19_08_44_Pro_jpg.rf.754a796f2b5cbd29164e5805b8a5f923.jpg,640,640,dummy,67,410,181,640
WIN_20240405_19_08_44_Pro_jpg.rf.754a796f2b5cbd29164e5805b8a5f923.jpg,640,640,dummy,221,346,323,546
WIN_20240405_19_08_44_Pro_jpg.rf.754a796f2b5cbd29164e5805b8a5f923.jpg,640,640,real,307,377,469,624
WIN_20240405_19_13_28_Pro_jpg.rf.7440278f02cb475968662b3e1dfca9e2.jpg,640,640,dummy,127,412,241,640
WIN_20240405_19_13_28_Pro_jpg.rf.7440278f02cb475968662b3e1dfca9e2.jpg,640,640,real,236,340,384,609
WIN_20240405_19_13_28_Pro_jpg.rf.7440278f02cb475968662b3e1dfca9e2.jpg,640,640,real,400,405,566,640
WIN_20240405_19_11_38_Pro_jpg.rf.731faf24beb375f6f7bedba45160272f.jpg,640,640,real,161,324,290,558
WIN_20240405_19_11_38_Pro_jpg.rf.731faf24beb375f6f7bedba45160272f.jpg,640,640,real,325,304,463,533
WIN_20240405_19_11_38_Pro_jpg.rf.731faf24beb375f6f7bedba45160272f.jpg,640,640,dummy,231,437,351,640
WIN_20240405_19_09_08_Pro_jpg.rf.78a30b3e8ab4258d2ce14dfef82bb07e.jpg,640,640,dummy,68,368,165,580
WIN_20240405_19_09_08_Pro_jpg.rf.78a30b3e8ab4258d2ce14dfef82bb07e.jpg,640,640,dummy,339,343,436,552
WIN_20240405_19_09_08_Pro_jpg.rf.78a30b3e8ab4258d2ce14dfef82bb07e.jpg,640,640,real,196,326,331,550
WIN_20240405_19_17_11_Pro_jpg.rf.763bc7df00b34d540736c379f195e5a5.jpg,640,640,real,45,390,204,640
WIN_20240405_19_17_11_Pro_jpg.rf.763bc7df00b34d540736c379f195e5a5.jpg,640,640,dummy,238,420,346,640
WIN_20240405_19_17_11_Pro_jpg.rf.763bc7df00b34d540736c379f195e5a5.jpg,640,640,dummy,434,457,559,640
WIN_20240405_19_11_30_Pro_jpg.rf.6bd1b588131d27b0657d106df7146194.jpg,640,640,real,161,324,284,556
WIN_20240405_19_11_30_Pro_jpg.rf.6bd1b588131d27b0657d106df7146194.jpg,640,640,real,402,355,556,606
WIN_20240405_19_11_30_Pro_jpg.rf.6bd1b588131d27b0657d106df7146194.jpg,640,640,dummy,229,435,355,640
WIN_20240405_19_11_30_Pro_jpg.rf.7db5a17a6c929551ab1fb8202eecfdec.jpg,640,640,real,161,324,284,556
WIN_20240405_19_11_30_Pro_jpg.rf.7db5a17a6c929551ab1fb8202eecfdec.jpg,640,640,real,402,355,556,606
WIN_20240405_19_11_30_Pro_jpg.rf.7db5a17a6c929551ab1fb8202eecfdec.jpg,640,640,dummy,229,435,355,640
WIN_20240405_19_12_18_Pro_jpg.rf.8239ba9f4fcc232edebd32cb14352531.jpg,640,640,dummy,144,360,242,561
WIN_20240405_19_12_18_Pro_jpg.rf.8239ba9f4fcc232edebd32cb14352531.jpg,640,640,dummy,452,417,570,640
WIN_20240405_19_12_18_Pro_jpg.rf.8239ba9f4fcc232edebd32cb14352531.jpg,640,640,real,254,380,419,634
WIN_20240405_19_15_29_Pro_jpg.rf.7257e2416b9c7b468e6e900a99d79fc9.jpg,640,640,real,81,317,203,543
WIN_20240405_19_15_29_Pro_jpg.rf.7257e2416b9c7b468e6e900a99d79fc9.jpg,640,640,dummy,273,329,356,521
WIN_20240405_19_10_31_Pro_jpg.rf.84340ce806c7bdcc9b700d3f8c9af5ad.jpg,640,640,dummy,63,435,181,640
WIN_20240405_19_10_31_Pro_jpg.rf.84340ce806c7bdcc9b700d3f8c9af5ad.jpg,640,640,dummy,272,427,394,640
WIN_20240405_19_10_31_Pro_jpg.rf.84340ce806c7bdcc9b700d3f8c9af5ad.jpg,640,640,real,140,314,251,543
WIN_20240405_19_10_31_Pro_jpg.rf.84340ce806c7bdcc9b700d3f8c9af5ad.jpg,640,640,real,378,337,499,601
WIN_20240405_19_16_12_Pro_jpg.rf.783c88eeea2614cc06c3232cc412b6d0.jpg,640,640,dummy,16,438,140,640
WIN_20240405_19_16_12_Pro_jpg.rf.783c88eeea2614cc06c3232cc412b6d0.jpg,640,640,dummy,337,443,460,640
WIN_20240405_19_16_12_Pro_jpg.rf.783c88eeea2614cc06c3232cc412b6d0.jpg,640,640,real,139,408,310,640
WIN_20240405_19_12_38_Pro_jpg.rf.7df52d20a32870178ff7b4e9eafea967.jpg,640,640,dummy,74,388,184,606
WIN_20240405_19_12_38_Pro_jpg.rf.7df52d20a32870178ff7b4e9eafea967.jpg,640,640,dummy,242,365,349,578
WIN_20240405_19_12_38_Pro_jpg.rf.7df52d20a32870178ff7b4e9eafea967.jpg,640,640,real,371,350,511,615
WIN_20240405_19_17_50_Pro_jpg.rf.8e810145e15c5b2e0a922d4c59f6bf41.jpg,640,640,real,59,417,234,640
WIN_20240405_19_17_50_Pro_jpg.rf.8e810145e15c5b2e0a922d4c59f6bf41.jpg,640,640,real,184,300,317,512
WIN_20240405_19_17_50_Pro_jpg.rf.8e810145e15c5b2e0a922d4c59f6bf41.jpg,640,640,real,322,361,486,619
WIN_20240405_19_12_58_Pro_jpg.rf.794db0e7a4b5f49a550536d05ff21726.jpg,640,640,dummy,104,491,204,640
WIN_20240405_19_12_58_Pro_jpg.rf.794db0e7a4b5f49a550536d05ff21726.jpg,640,640,dummy,244,363,350,576
WIN_20240405_19_12_58_Pro_jpg.rf.794db0e7a4b5f49a550536d05ff21726.jpg,640,640,dummy,379,318,473,508
WIN_20240405_19_12_58_Pro_jpg.rf.794db0e7a4b5f49a550536d05ff21726.jpg,640,640,real,127,286,247,479
WIN_20240405_19_12_58_Pro_jpg.rf.794db0e7a4b5f49a550536d05ff21726.jpg,640,640,real,309,267,411,447
WIN_20240405_19_12_58_Pro_jpg.rf.794db0e7a4b5f49a550536d05ff21726.jpg,640,640,real,453,382,609,640
WIN_20240405_19_12_42_Pro_jpg.rf.8a54147de71b44689445294e86c406d8.jpg,640,640,dummy,73,384,184,609
WIN_20240405_19_12_42_Pro_jpg.rf.8a54147de71b44689445294e86c406d8.jpg,640,640,dummy,243,367,350,576
WIN_20240405_19_12_42_Pro_jpg.rf.8a54147de71b44689445294e86c406d8.jpg,640,640,real,185,283,289,480
WIN_20240405_19_12_42_Pro_jpg.rf.8a54147de71b44689445294e86c406d8.jpg,640,640,real,372,352,511,612
WIN_20240405_19_11_30_Pro_jpg.rf.8a80cf2e77f91abd84dcdc87ab6ac568.jpg,640,640,real,161,324,284,556
WIN_20240405_19_11_30_Pro_jpg.rf.8a80cf2e77f91abd84dcdc87ab6ac568.jpg,640,640,real,402,355,556,606
WIN_20240405_19_11_30_Pro_jpg.rf.8a80cf2e77f91abd84dcdc87ab6ac568.jpg,640,640,dummy,229,435,355,640
WIN_20240405_19_17_20_Pro_jpg.rf.93a95d2adafca27c0e7e946309d8dd19.jpg,640,640,dummy,168,413,287,640
WIN_20240405_19_17_20_Pro_jpg.rf.93a95d2adafca27c0e7e946309d8dd19.jpg,640,640,dummy,324,383,434,613
WIN_20240405_19_17_20_Pro_jpg.rf.93a95d2adafca27c0e7e946309d8dd19.jpg,640,640,real,408,430,573,640
WIN_20240405_19_17_53_Pro_jpg.rf.919a917645a700a86da8102f64c12215.jpg,640,640,real,75,416,206,640
WIN_20240405_19_17_53_Pro_jpg.rf.919a917645a700a86da8102f64c12215.jpg,640,640,real,188,302,316,510
WIN_20240405_19_17_53_Pro_jpg.rf.919a917645a700a86da8102f64c12215.jpg,640,640,real,325,362,487,620
WIN_20240405_19_15_15_Pro_jpg.rf.918c6fe9cd88d59a55265ab7ca2701c8.jpg,640,640,dummy,20,409,141,637
WIN_20240405_19_15_15_Pro_jpg.rf.918c6fe9cd88d59a55265ab7ca2701c8.jpg,640,640,dummy,158,331,254,524
WIN_20240405_19_12_07_Pro_jpg.rf.85d59afa6ac13607a675a173c78fc9e6.jpg,640,640,dummy,143,360,241,559
WIN_20240405_19_12_07_Pro_jpg.rf.85d59afa6ac13607a675a173c78fc9e6.jpg,640,640,dummy,452,414,569,640
WIN_20240405_19_12_07_Pro_jpg.rf.85d59afa6ac13607a675a173c78fc9e6.jpg,640,640,real,257,367,417,625
WIN_20240405_19_13_59_Pro_jpg.rf.97b512b36cfe14740a7d3b6356164b20.jpg,640,640,real,200,350,315,626
WIN_20240405_19_18_25_Pro_jpg.rf.807ba739ed770f240ae04fb82babc017.jpg,640,640,dummy,32,400,143,612
WIN_20240405_19_18_25_Pro_jpg.rf.807ba739ed770f240ae04fb82babc017.jpg,640,640,dummy,148,465,252,640
WIN_20240405_19_18_25_Pro_jpg.rf.807ba739ed770f240ae04fb82babc017.jpg,640,640,real,170,299,291,513
WIN_20240405_19_18_25_Pro_jpg.rf.807ba739ed770f240ae04fb82babc017.jpg,640,640,real,321,346,444,608
WIN_20240405_19_08_50_Pro_jpg.rf.98c5340858184385962a2f1b21021b65.jpg,640,640,dummy,65,410,182,640
WIN_20240405_19_08_50_Pro_jpg.rf.98c5340858184385962a2f1b21021b65.jpg,640,640,dummy,355,411,467,640
WIN_20240405_19_08_50_Pro_jpg.rf.98c5340858184385962a2f1b21021b65.jpg,640,640,real,184,373,323,640
WIN_20240405_19_13_12_Pro_jpg.rf.96eca5da69b3fb4996d9ed01cf39b9de.jpg,640,640,dummy,84,452,210,640
WIN_20240405_19_13_12_Pro_jpg.rf.96eca5da69b3fb4996d9ed01cf39b9de.jpg,640,640,dummy,173,350,280,537
WIN_20240405_19_13_12_Pro_jpg.rf.96eca5da69b3fb4996d9ed01cf39b9de.jpg,640,640,dummy,380,319,470,507
WIN_20240405_19_13_12_Pro_jpg.rf.96eca5da69b3fb4996d9ed01cf39b9de.jpg,640,640,real,231,435,395,640
WIN_20240405_19_13_12_Pro_jpg.rf.96eca5da69b3fb4996d9ed01cf39b9de.jpg,640,640,real,453,382,609,640
WIN_20240405_19_10_04_Pro_jpg.rf.9852d61771977b6d6488f8bfe3b0302d.jpg,640,640,dummy,123,450,245,640
WIN_20240405_19_10_04_Pro_jpg.rf.9852d61771977b6d6488f8bfe3b0302d.jpg,640,640,dummy,398,441,525,640
WIN_20240405_19_10_04_Pro_jpg.rf.9852d61771977b6d6488f8bfe3b0302d.jpg,640,640,real,224,344,381,600
WIN_20240405_19_18_06_Pro_jpg.rf.9a786002c0db5fb5a51553a09cafa66b.jpg,640,640,real,69,370,189,640
WIN_20240405_19_18_06_Pro_jpg.rf.9a786002c0db5fb5a51553a09cafa66b.jpg,640,640,real,211,291,324,505
WIN_20240405_19_18_06_Pro_jpg.rf.9a786002c0db5fb5a51553a09cafa66b.jpg,640,640,real,322,343,444,607
WIN_20240405_19_11_04_Pro_jpg.rf.9ff6c8302fa568fa1e2451ae9d13aa82.jpg,640,640,real,144,337,281,587
WIN_20240405_19_11_04_Pro_jpg.rf.9ff6c8302fa568fa1e2451ae9d13aa82.jpg,640,640,dummy,276,380,389,600
WIN_20240405_19_11_04_Pro_jpg.rf.9ff6c8302fa568fa1e2451ae9d13aa82.jpg,640,640,real,403,313,547,563
WIN_20240405_19_14_07_Pro_jpg.rf.9523b55837941a9b92c6109b6290617a.jpg,640,640,real,150,337,271,595
WIN_20240405_19_13_12_Pro_jpg.rf.9b011ad82bb7f4d9d0be60f9a0a30dad.jpg,640,640,dummy,84,452,210,640
WIN_20240405_19_13_12_Pro_jpg.rf.9b011ad82bb7f4d9d0be60f9a0a30dad.jpg,640,640,dummy,173,350,280,537
WIN_20240405_19_13_12_Pro_jpg.rf.9b011ad82bb7f4d9d0be60f9a0a30dad.jpg,640,640,dummy,380,319,470,507
WIN_20240405_19_13_12_Pro_jpg.rf.9b011ad82bb7f4d9d0be60f9a0a30dad.jpg,640,640,real,231,435,395,640
WIN_20240405_19_13_12_Pro_jpg.rf.9b011ad82bb7f4d9d0be60f9a0a30dad.jpg,640,640,real,453,382,609,640
WIN_20240405_19_08_52_Pro_jpg.rf.9e31375c8cc75e13b34be166af541dd6.jpg,640,640,dummy,68,414,181,638
WIN_20240405_19_08_52_Pro_jpg.rf.9e31375c8cc75e13b34be166af541dd6.jpg,640,640,dummy,351,413,465,640
WIN_20240405_19_08_52_Pro_jpg.rf.9e31375c8cc75e13b34be166af541dd6.jpg,640,640,real,183,376,325,640
WIN_20240405_19_11_04_Pro_jpg.rf.9ee8e4174756b155e2007336737b231c.jpg,640,640,real,144,337,281,587
WIN_20240405_19_11_04_Pro_jpg.rf.9ee8e4174756b155e2007336737b231c.jpg,640,640,dummy,276,380,389,600
WIN_20240405_19_11_04_Pro_jpg.rf.9ee8e4174756b155e2007336737b231c.jpg,640,640,real,403,313,547,563
WIN_20240405_19_17_53_Pro_jpg.rf.9f13a006c9613898cdde5b80ea492987.jpg,640,640,real,75,416,206,640
WIN_20240405_19_17_53_Pro_jpg.rf.9f13a006c9613898cdde5b80ea492987.jpg,640,640,real,188,302,316,510
WIN_20240405_19_17_53_Pro_jpg.rf.9f13a006c9613898cdde5b80ea492987.jpg,640,640,real,325,362,487,620
WIN_20240405_19_10_08_Pro_jpg.rf.a0c42e089f7e48a12fda4a5e33e28387.jpg,640,640,dummy,125,453,247,640
WIN_20240405_19_10_08_Pro_jpg.rf.a0c42e089f7e48a12fda4a5e33e28387.jpg,640,640,dummy,400,437,528,640
WIN_20240405_19_10_08_Pro_jpg.rf.a0c42e089f7e48a12fda4a5e33e28387.jpg,640,640,real,271,347,397,609
WIN_20240405_19_17_38_Pro_jpg.rf.a577782a9a6f7319f7a7423dae74361b.jpg,640,640,real,416,369,580,640
WIN_20240405_19_12_26_Pro_jpg.rf.a058ea71c3668d48d91d761f8789aac9.jpg,640,640,dummy,146,359,239,559
WIN_20240405_19_12_26_Pro_jpg.rf.a058ea71c3668d48d91d761f8789aac9.jpg,640,640,dummy,451,417,567,640
WIN_20240405_19_12_26_Pro_jpg.rf.a058ea71c3668d48d91d761f8789aac9.jpg,640,640,real,312,319,451,555
WIN_20240405_19_11_38_Pro_jpg.rf.aa5fc2ad176e326d1453176e94304da8.jpg,640,640,real,161,324,290,558
WIN_20240405_19_11_38_Pro_jpg.rf.aa5fc2ad176e326d1453176e94304da8.jpg,640,640,real,325,304,463,533
WIN_20240405_19_11_38_Pro_jpg.rf.aa5fc2ad176e326d1453176e94304da8.jpg,640,640,dummy,231,437,351,640
WIN_20240405_19_11_49_Pro_jpg.rf.a2c0b92fbb9bf6b6552660a44ffd48a9.jpg,640,640,dummy,53,396,155,610
WIN_20240405_19_11_49_Pro_jpg.rf.a2c0b92fbb9bf6b6552660a44ffd48a9.jpg,640,640,dummy,344,388,451,613
WIN_20240405_19_11_49_Pro_jpg.rf.a2c0b92fbb9bf6b6552660a44ffd48a9.jpg,640,640,real,178,326,317,556
WIN_20240405_19_14_25_Pro_jpg.rf.acd34547262795ac2fa5213e218a6a08.jpg,640,640,real,76,335,223,565
WIN_20240405_19_14_25_Pro_jpg.rf.acd34547262795ac2fa5213e218a6a08.jpg,640,640,real,273,292,389,500
WIN_20240405_19_14_25_Pro_jpg.rf.acd34547262795ac2fa5213e218a6a08.jpg,640,640,dummy,197,297,277,464
WIN_20240405_19_18_25_Pro_jpg.rf.a6061c8a9c723a42b9b4a92487add012.jpg,640,640,dummy,32,400,143,612
WIN_20240405_19_18_25_Pro_jpg.rf.a6061c8a9c723a42b9b4a92487add012.jpg,640,640,dummy,148,465,252,640
WIN_20240405_19_18_25_Pro_jpg.rf.a6061c8a9c723a42b9b4a92487add012.jpg,640,640,real,170,299,291,513
WIN_20240405_19_18_25_Pro_jpg.rf.a6061c8a9c723a42b9b4a92487add012.jpg,640,640,real,321,346,444,608
WIN_20240405_19_15_29_Pro_jpg.rf.ab58d0400b4af03e9223fd260d8ca961.jpg,640,640,real,81,317,203,543
WIN_20240405_19_15_29_Pro_jpg.rf.ab58d0400b4af03e9223fd260d8ca961.jpg,640,640,dummy,273,329,356,521
WIN_20240405_19_17_57_Pro_jpg.rf.a82c979a05084adf7af8a427058e2ed0.jpg,640,640,real,75,417,211,640
WIN_20240405_19_17_57_Pro_jpg.rf.a82c979a05084adf7af8a427058e2ed0.jpg,640,640,real,187,299,316,509
WIN_20240405_19_17_57_Pro_jpg.rf.a82c979a05084adf7af8a427058e2ed0.jpg,640,640,real,333,377,468,640
WIN_20240405_19_10_13_Pro_jpg.rf.ad8144bf5330b4a5118ba571b0ba0708.jpg,640,640,dummy,131,406,248,640
WIN_20240405_19_10_13_Pro_jpg.rf.ad8144bf5330b4a5118ba571b0ba0708.jpg,640,640,dummy,378,433,497,640
WIN_20240405_19_10_13_Pro_jpg.rf.ad8144bf5330b4a5118ba571b0ba0708.jpg,640,640,real,272,345,396,609
WIN_20240405_19_09_38_Pro_jpg.rf.aecccd76be51953f9476bb12f5272a81.jpg,640,640,real,88,334,218,564
WIN_20240405_19_09_38_Pro_jpg.rf.aecccd76be51953f9476bb12f5272a81.jpg,640,640,dummy,230,332,327,523
WIN_20240405_19_09_38_Pro_jpg.rf.aecccd76be51953f9476bb12f5272a81.jpg,640,640,dummy,349,331,437,516
WIN_20240405_19_13_36_Pro_jpg.rf.aeb2a53dde11706efef46277e445f826.jpg,640,640,real,230,417,395,640
WIN_20240405_19_13_36_Pro_jpg.rf.aeb2a53dde11706efef46277e445f826.jpg,640,640,dummy,124,413,243,640
WIN_20240405_19_17_57_Pro_jpg.rf.a362eaa3428bdb5abb4abfe46abbe988.jpg,640,640,real,75,417,211,640
WIN_20240405_19_17_57_Pro_jpg.rf.a362eaa3428bdb5abb4abfe46abbe988.jpg,640,640,real,187,299,316,509
WIN_20240405_19_17_57_Pro_jpg.rf.a362eaa3428bdb5abb4abfe46abbe988.jpg,640,640,real,333,377,468,640
WIN_20240405_19_09_02_Pro_jpg.rf.9b6f916eef6d7e134fe11e52b958b4ae.jpg,640,640,dummy,16,413,130,640
WIN_20240405_19_09_02_Pro_jpg.rf.9b6f916eef6d7e134fe11e52b958b4ae.jpg,640,640,dummy,354,414,468,640
WIN_20240405_19_09_02_Pro_jpg.rf.9b6f916eef6d7e134fe11e52b958b4ae.jpg,640,640,real,150,406,301,640
WIN_20240405_19_15_52_Pro_jpg.rf.afb99766b1c01bd5723707893f3fddd1.jpg,640,640,real,86,323,209,557
WIN_20240405_19_15_52_Pro_jpg.rf.afb99766b1c01bd5723707893f3fddd1.jpg,640,640,dummy,220,334,317,527
WIN_20240405_19_15_52_Pro_jpg.rf.afb99766b1c01bd5723707893f3fddd1.jpg,640,640,dummy,356,328,452,525
WIN_20240405_19_10_04_Pro_jpg.rf.b016ed39d034e98f9d105ec38316b643.jpg,640,640,dummy,123,450,245,640
WIN_20240405_19_10_04_Pro_jpg.rf.b016ed39d034e98f9d105ec38316b643.jpg,640,640,dummy,398,441,525,640
WIN_20240405_19_10_04_Pro_jpg.rf.b016ed39d034e98f9d105ec38316b643.jpg,640,640,real,224,344,381,600
WIN_20240405_19_09_47_Pro_jpg.rf.ab3fe245a1f656235e3aabe504f864a2.jpg,640,640,real,89,322,225,550
WIN_20240405_19_09_47_Pro_jpg.rf.ab3fe245a1f656235e3aabe504f864a2.jpg,640,640,dummy,230,332,330,524
WIN_20240405_19_09_47_Pro_jpg.rf.ab3fe245a1f656235e3aabe504f864a2.jpg,640,640,dummy,348,325,436,519
WIN_20240405_19_09_02_Pro_jpg.rf.b12c20139fbd89b26b23ce0162f59a0a.jpg,640,640,dummy,16,413,130,640
WIN_20240405_19_09_02_Pro_jpg.rf.b12c20139fbd89b26b23ce0162f59a0a.jpg,640,640,dummy,354,414,468,640
WIN_20240405_19_09_02_Pro_jpg.rf.b12c20139fbd89b26b23ce0162f59a0a.jpg,640,640,real,150,406,301,640
WIN_20240405_19_12_47_Pro_jpg.rf.ba0a7bebffc003638fdc299fafd2dfd9.jpg,640,640,dummy,74,385,182,604
WIN_20240405_19_12_47_Pro_jpg.rf.ba0a7bebffc003638fdc299fafd2dfd9.jpg,640,640,real,132,284,245,479
WIN_20240405_19_12_47_Pro_jpg.rf.ba0a7bebffc003638fdc299fafd2dfd9.jpg,640,640,dummy,244,364,348,578
WIN_20240405_19_12_47_Pro_jpg.rf.ba0a7bebffc003638fdc299fafd2dfd9.jpg,640,640,real,311,265,417,447
WIN_20240405_19_12_47_Pro_jpg.rf.ba0a7bebffc003638fdc299fafd2dfd9.jpg,640,640,real,375,349,512,611
WIN_20240405_19_09_13_Pro_jpg.rf.b82c702fe6e8472bcd15ec1757d3b36c.jpg,640,640,dummy,113,352,209,547
WIN_20240405_19_09_13_Pro_jpg.rf.b82c702fe6e8472bcd15ec1757d3b36c.jpg,640,640,dummy,346,328,432,516
WIN_20240405_19_09_13_Pro_jpg.rf.b82c702fe6e8472bcd15ec1757d3b36c.jpg,640,640,real,224,299,349,504
WIN_20240405_19_10_08_Pro_jpg.rf.b1d5c674ba09a6d43fb14c56fe9c867c.jpg,640,640,dummy,125,453,247,640
WIN_20240405_19_10_08_Pro_jpg.rf.b1d5c674ba09a6d43fb14c56fe9c867c.jpg,640,640,dummy,400,437,528,640
WIN_20240405_19_10_08_Pro_jpg.rf.b1d5c674ba09a6d43fb14c56fe9c867c.jpg,640,640,real,271,347,397,609
WIN_20240405_19_17_38_Pro_jpg.rf.b604ada0e9ca0342d7c98d38550591eb.jpg,640,640,real,416,369,580,640
WIN_20240405_19_10_13_Pro_jpg.rf.b9ef26ec18e620598a6567fd92156946.jpg,640,640,dummy,131,406,248,640
WIN_20240405_19_10_13_Pro_jpg.rf.b9ef26ec18e620598a6567fd92156946.jpg,640,640,dummy,378,433,497,640
WIN_20240405_19_10_13_Pro_jpg.rf.b9ef26ec18e620598a6567fd92156946.jpg,640,640,real,272,345,396,609
WIN_20240405_19_09_47_Pro_jpg.rf.700fc19f4b7087dc92f92bf6d0e4f525.jpg,640,640,real,89,322,225,550
WIN_20240405_19_09_47_Pro_jpg.rf.700fc19f4b7087dc92f92bf6d0e4f525.jpg,640,640,dummy,230,332,330,524
WIN_20240405_19_09_47_Pro_jpg.rf.700fc19f4b7087dc92f92bf6d0e4f525.jpg,640,640,dummy,348,325,436,519
WIN_20240405_19_12_07_Pro_jpg.rf.b115a9029afc0d0e47f0f30de6c93b83.jpg,640,640,dummy,143,360,241,559
WIN_20240405_19_12_07_Pro_jpg.rf.b115a9029afc0d0e47f0f30de6c93b83.jpg,640,640,dummy,452,414,569,640
WIN_20240405_19_12_07_Pro_jpg.rf.b115a9029afc0d0e47f0f30de6c93b83.jpg,640,640,real,257,367,417,625
WIN_20240405_19_09_19_Pro_jpg.rf.aeeed24c2fe46b8afa3a362af087a44f.jpg,640,640,real,94,327,224,550
WIN_20240405_19_09_19_Pro_jpg.rf.aeeed24c2fe46b8afa3a362af087a44f.jpg,640,640,dummy,229,332,324,529
WIN_20240405_19_09_19_Pro_jpg.rf.aeeed24c2fe46b8afa3a362af087a44f.jpg,640,640,dummy,346,331,438,517
WIN_20240405_19_12_33_Pro_jpg.rf.b6b6a1bace4393f3f4da0d6fb5eec8d6.jpg,640,640,dummy,71,387,184,608
WIN_20240405_19_12_33_Pro_jpg.rf.b6b6a1bace4393f3f4da0d6fb5eec8d6.jpg,640,640,dummy,199,361,288,568
WIN_20240405_19_12_33_Pro_jpg.rf.b6b6a1bace4393f3f4da0d6fb5eec8d6.jpg,640,640,real,313,321,451,555
WIN_20240405_19_15_24_Pro_jpg.rf.bc58e01923c43fc5dbd9592c37c196e5.jpg,640,640,dummy,162,330,257,519
WIN_20240405_19_15_24_Pro_jpg.rf.bc58e01923c43fc5dbd9592c37c196e5.jpg,640,640,real,270,262,378,438
WIN_20240405_19_15_05_Pro_jpg.rf.b41e493a24565cb7024afda028d9f968.jpg,640,640,real,268,292,386,504
WIN_20240405_19_08_44_Pro_jpg.rf.c0eb9631a04a5be95681cd85c4f7d55d.jpg,640,640,dummy,67,410,181,640
WIN_20240405_19_08_44_Pro_jpg.rf.c0eb9631a04a5be95681cd85c4f7d55d.jpg,640,640,dummy,221,346,323,546
WIN_20240405_19_08_44_Pro_jpg.rf.c0eb9631a04a5be95681cd85c4f7d55d.jpg,640,640,real,307,377,469,624
WIN_20240405_19_12_47_Pro_jpg.rf.c20c33bce79cb663e013214b137e5cea.jpg,640,640,dummy,74,385,182,604
WIN_20240405_19_12_47_Pro_jpg.rf.c20c33bce79cb663e013214b137e5cea.jpg,640,640,real,132,284,245,479
WIN_20240405_19_12_47_Pro_jpg.rf.c20c33bce79cb663e013214b137e5cea.jpg,640,640,dummy,244,364,348,578
WIN_20240405_19_12_47_Pro_jpg.rf.c20c33bce79cb663e013214b137e5cea.jpg,640,640,real,311,265,417,447
WIN_20240405_19_12_47_Pro_jpg.rf.c20c33bce79cb663e013214b137e5cea.jpg,640,640,real,375,349,512,611
WIN_20240405_19_13_22_Pro_jpg.rf.adada0bec6b0de1c52ed51c321e1c3fa.jpg,640,640,real,232,437,389,640
WIN_20240405_19_13_22_Pro_jpg.rf.adada0bec6b0de1c52ed51c321e1c3fa.jpg,640,640,real,397,401,571,640
WIN_20240405_19_13_22_Pro_jpg.rf.adada0bec6b0de1c52ed51c321e1c3fa.jpg,640,640,dummy,84,449,207,640
WIN_20240405_19_11_59_Pro_jpg.rf.ba1d8cc6476b6e43331e90aa61215138.jpg,640,640,dummy,143,454,265,640
WIN_20240405_19_11_59_Pro_jpg.rf.ba1d8cc6476b6e43331e90aa61215138.jpg,640,640,dummy,450,417,569,640
WIN_20240405_19_11_59_Pro_jpg.rf.ba1d8cc6476b6e43331e90aa61215138.jpg,640,640,real,257,365,416,627
WIN_20240405_19_08_52_Pro_jpg.rf.bd1c35bc61b97fe172c2fae1df1aa458.jpg,640,640,dummy,68,414,181,638
WIN_20240405_19_08_52_Pro_jpg.rf.bd1c35bc61b97fe172c2fae1df1aa458.jpg,640,640,dummy,351,413,465,640
WIN_20240405_19_08_52_Pro_jpg.rf.bd1c35bc61b97fe172c2fae1df1aa458.jpg,640,640,real,183,376,325,640
WIN_20240405_19_15_24_Pro_jpg.rf.be0cebba342db26c37b5fbb8ea73b45e.jpg,640,640,dummy,162,330,257,519
WIN_20240405_19_15_24_Pro_jpg.rf.be0cebba342db26c37b5fbb8ea73b45e.jpg,640,640,real,270,262,378,438
WIN_20240405_19_15_19_Pro_jpg.rf.c101faa4e22aac703f0aa69066a3bfb0.jpg,640,640,dummy,21,414,137,640
WIN_20240405_19_15_19_Pro_jpg.rf.c101faa4e22aac703f0aa69066a3bfb0.jpg,640,640,dummy,162,332,256,523
WIN_20240405_19_15_19_Pro_jpg.rf.c101faa4e22aac703f0aa69066a3bfb0.jpg,640,640,real,270,261,378,439
WIN_20240405_19_10_13_Pro_jpg.rf.c84e922c675961e9b5d888833d081584.jpg,640,640,dummy,131,406,248,640
WIN_20240405_19_10_13_Pro_jpg.rf.c84e922c675961e9b5d888833d081584.jpg,640,640,dummy,378,433,497,640
WIN_20240405_19_10_13_Pro_jpg.rf.c84e922c675961e9b5d888833d081584.jpg,640,640,real,272,345,396,609
WIN_20240405_17_51_41_Pro_jpg.rf.c3d335ec65d5a0774b9f4ae7609354b7.jpg,640,640,real,196,408,299,580
WIN_20240405_17_51_41_Pro_jpg.rf.c3d335ec65d5a0774b9f4ae7609354b7.jpg,640,640,real,330,391,438,564
WIN_20240405_17_51_41_Pro_jpg.rf.c3d335ec65d5a0774b9f4ae7609354b7.jpg,640,640,dummy,265,463,351,634
WIN_20240405_19_14_15_Pro_jpg.rf.ce5f81c271646923213c9db85623bad4.jpg,640,640,real,83,335,221,565
WIN_20240405_19_09_13_Pro_jpg.rf.d0f4df05b8be791c9a578f410c823938.jpg,640,640,dummy,113,352,209,547
WIN_20240405_19_09_13_Pro_jpg.rf.d0f4df05b8be791c9a578f410c823938.jpg,640,640,dummy,346,328,432,516
WIN_20240405_19_09_13_Pro_jpg.rf.d0f4df05b8be791c9a578f410c823938.jpg,640,640,real,224,299,349,504
WIN_20240405_19_15_24_Pro_jpg.rf.c38e603d9c815a8b2d176c7667727039.jpg,640,640,dummy,162,330,257,519
WIN_20240405_19_15_24_Pro_jpg.rf.c38e603d9c815a8b2d176c7667727039.jpg,640,640,real,270,262,378,438
WIN_20240405_19_18_15_Pro_jpg.rf.c5ead9d2702e83535e3dccc42ad5c936.jpg,640,640,real,317,345,444,604
WIN_20240405_19_18_15_Pro_jpg.rf.c5ead9d2702e83535e3dccc42ad5c936.jpg,640,640,real,212,293,325,502
WIN_20240405_19_18_15_Pro_jpg.rf.c5ead9d2702e83535e3dccc42ad5c936.jpg,640,640,dummy,32,398,143,612
WIN_20240405_19_08_40_Pro_jpg.rf.cd999bf89ac3175c6017beddb38e6292.jpg,640,640,dummy,70,411,182,637
WIN_20240405_19_08_40_Pro_jpg.rf.cd999bf89ac3175c6017beddb38e6292.jpg,640,640,dummy,188,394,303,609
WIN_20240405_19_08_40_Pro_jpg.rf.cd999bf89ac3175c6017beddb38e6292.jpg,640,640,real,306,372,471,628
WIN_20240405_19_12_58_Pro_jpg.rf.d0d943e84398d5cc184cafdb299096ee.jpg,640,640,dummy,104,491,204,640
WIN_20240405_19_12_58_Pro_jpg.rf.d0d943e84398d5cc184cafdb299096ee.jpg,640,640,dummy,244,363,350,576
WIN_20240405_19_12_58_Pro_jpg.rf.d0d943e84398d5cc184cafdb299096ee.jpg,640,640,dummy,379,318,473,508
WIN_20240405_19_12_58_Pro_jpg.rf.d0d943e84398d5cc184cafdb299096ee.jpg,640,640,real,127,286,247,479
WIN_20240405_19_12_58_Pro_jpg.rf.d0d943e84398d5cc184cafdb299096ee.jpg,640,640,real,309,267,411,447
WIN_20240405_19_12_58_Pro_jpg.rf.d0d943e84398d5cc184cafdb299096ee.jpg,640,640,real,453,382,609,640
WIN_20240405_19_08_40_Pro_jpg.rf.c35f8e3a6d5a4f24c90d612e25b8cc8a.jpg,640,640,dummy,70,411,182,637
WIN_20240405_19_08_40_Pro_jpg.rf.c35f8e3a6d5a4f24c90d612e25b8cc8a.jpg,640,640,dummy,188,394,303,609
WIN_20240405_19_08_40_Pro_jpg.rf.c35f8e3a6d5a4f24c90d612e25b8cc8a.jpg,640,640,real,306,372,471,628
WIN_20240405_19_16_12_Pro_jpg.rf.d1466b921c6a6b1cd63b0777608055a8.jpg,640,640,dummy,16,438,140,640
WIN_20240405_19_16_12_Pro_jpg.rf.d1466b921c6a6b1cd63b0777608055a8.jpg,640,640,dummy,337,443,460,640
WIN_20240405_19_16_12_Pro_jpg.rf.d1466b921c6a6b1cd63b0777608055a8.jpg,640,640,real,139,408,310,640
WIN_20240405_19_15_52_Pro_jpg.rf.d6719a0a31128cdc7e6766ef415fd136.jpg,640,640,real,86,323,209,557
WIN_20240405_19_15_52_Pro_jpg.rf.d6719a0a31128cdc7e6766ef415fd136.jpg,640,640,dummy,220,334,317,527
WIN_20240405_19_15_52_Pro_jpg.rf.d6719a0a31128cdc7e6766ef415fd136.jpg,640,640,dummy,356,328,452,525
WIN_20240405_19_15_15_Pro_jpg.rf.d668b192c582a18aadb6afab22c6ff5a.jpg,640,640,dummy,20,409,141,637
WIN_20240405_19_15_15_Pro_jpg.rf.d668b192c582a18aadb6afab22c6ff5a.jpg,640,640,dummy,158,331,254,524
WIN_20240405_19_17_20_Pro_jpg.rf.d771e80537416c95df9bd1f826ab5322.jpg,640,640,dummy,168,413,287,640
WIN_20240405_19_17_20_Pro_jpg.rf.d771e80537416c95df9bd1f826ab5322.jpg,640,640,dummy,324,383,434,613
WIN_20240405_19_17_20_Pro_jpg.rf.d771e80537416c95df9bd1f826ab5322.jpg,640,640,real,408,430,573,640
WIN_20240405_19_13_59_Pro_jpg.rf.b3d6f66b0b086120fea1430fad0fc44c.jpg,640,640,real,200,350,315,626
WIN_20240405_19_12_42_Pro_jpg.rf.d3f17b57dd3ea8c7ce28add72c8ab9bb.jpg,640,640,dummy,73,384,184,609
WIN_20240405_19_12_42_Pro_jpg.rf.d3f17b57dd3ea8c7ce28add72c8ab9bb.jpg,640,640,dummy,243,367,350,576
WIN_20240405_19_12_42_Pro_jpg.rf.d3f17b57dd3ea8c7ce28add72c8ab9bb.jpg,640,640,real,185,283,289,480
WIN_20240405_19_12_42_Pro_jpg.rf.d3f17b57dd3ea8c7ce28add72c8ab9bb.jpg,640,640,real,372,352,511,612
WIN_20240405_19_10_21_Pro_jpg.rf.daad6971df49fd0edb622d22823afd96.jpg,640,640,real,78,396,226,640
WIN_20240405_19_10_21_Pro_jpg.rf.daad6971df49fd0edb622d22823afd96.jpg,640,640,real,272,343,395,613
WIN_20240405_19_10_21_Pro_jpg.rf.daad6971df49fd0edb622d22823afd96.jpg,640,640,dummy,374,430,501,640
WIN_20240405_17_51_41_Pro_jpg.rf.d85759a32e6db693a8101b6a5f5d00e7.jpg,640,640,real,196,408,299,580
WIN_20240405_17_51_41_Pro_jpg.rf.d85759a32e6db693a8101b6a5f5d00e7.jpg,640,640,real,330,391,438,564
WIN_20240405_17_51_41_Pro_jpg.rf.d85759a32e6db693a8101b6a5f5d00e7.jpg,640,640,dummy,265,463,351,634
WIN_20240405_19_15_42_Pro_jpg.rf.dc07c15cf5860c471b982d853ffa1a83.jpg,640,640,real,82,319,203,542
WIN_20240405_19_15_42_Pro_jpg.rf.dc07c15cf5860c471b982d853ffa1a83.jpg,640,640,real,171,395,339,640
WIN_20240405_19_15_42_Pro_jpg.rf.dc07c15cf5860c471b982d853ffa1a83.jpg,640,640,dummy,284,328,356,515
WIN_20240405_19_10_04_Pro_jpg.rf.ddb60475c16cd41d9c18d0c2dbbdbdc6.jpg,640,640,dummy,123,450,245,640
WIN_20240405_19_10_04_Pro_jpg.rf.ddb60475c16cd41d9c18d0c2dbbdbdc6.jpg,640,640,dummy,398,441,525,640
WIN_20240405_19_10_04_Pro_jpg.rf.ddb60475c16cd41d9c18d0c2dbbdbdc6.jpg,640,640,real,224,344,381,600
WIN_20240405_19_10_26_Pro_jpg.rf.d9352ee13093f763805da748d325deba.jpg,640,640,dummy,61,433,183,640
WIN_20240405_19_10_26_Pro_jpg.rf.d9352ee13093f763805da748d325deba.jpg,640,640,dummy,375,430,498,640
WIN_20240405_19_10_26_Pro_jpg.rf.d9352ee13093f763805da748d325deba.jpg,640,640,real,140,315,248,544
WIN_20240405_19_10_26_Pro_jpg.rf.d9352ee13093f763805da748d325deba.jpg,640,640,real,268,349,394,607
WIN_20240405_19_12_54_Pro_jpg.rf.df3d5c7f693ef1124573c326f8b80206.jpg,640,640,dummy,73,388,182,607
WIN_20240405_19_12_54_Pro_jpg.rf.df3d5c7f693ef1124573c326f8b80206.jpg,640,640,dummy,245,367,351,579
WIN_20240405_19_12_54_Pro_jpg.rf.df3d5c7f693ef1124573c326f8b80206.jpg,640,640,dummy,380,322,470,508
WIN_20240405_19_12_54_Pro_jpg.rf.df3d5c7f693ef1124573c326f8b80206.jpg,640,640,real,130,286,247,478
WIN_20240405_19_12_54_Pro_jpg.rf.df3d5c7f693ef1124573c326f8b80206.jpg,640,640,real,313,269,414,445
WIN_20240405_19_12_54_Pro_jpg.rf.df3d5c7f693ef1124573c326f8b80206.jpg,640,640,real,453,385,610,640
WIN_20240405_19_13_28_Pro_jpg.rf.dd02e7b0748bb584ee73118fdf88bb0d.jpg,640,640,dummy,127,412,241,640
WIN_20240405_19_13_28_Pro_jpg.rf.dd02e7b0748bb584ee73118fdf88bb0d.jpg,640,640,real,236,340,384,609
WIN_20240405_19_13_28_Pro_jpg.rf.dd02e7b0748bb584ee73118fdf88bb0d.jpg,640,640,real,400,405,566,640
WIN_20240405_19_17_57_Pro_jpg.rf.e03d6a1914028b1d384aaca244fca489.jpg,640,640,real,75,417,211,640
WIN_20240405_19_17_57_Pro_jpg.rf.e03d6a1914028b1d384aaca244fca489.jpg,640,640,real,187,299,316,509
WIN_20240405_19_17_57_Pro_jpg.rf.e03d6a1914028b1d384aaca244fca489.jpg,640,640,real,333,377,468,640
WIN_20240405_19_11_49_Pro_jpg.rf.ddfd05080dc01ceffc8f3718380a3cb0.jpg,640,640,dummy,53,396,155,610
WIN_20240405_19_11_49_Pro_jpg.rf.ddfd05080dc01ceffc8f3718380a3cb0.jpg,640,640,dummy,344,388,451,613
WIN_20240405_19_11_49_Pro_jpg.rf.ddfd05080dc01ceffc8f3718380a3cb0.jpg,640,640,real,178,326,317,556
WIN_20240405_19_17_31_Pro_jpg.rf.db815d353b60b0bf74daf36115a80b6b.jpg,640,640,dummy,210,430,329,640
WIN_20240405_19_17_31_Pro_jpg.rf.db815d353b60b0bf74daf36115a80b6b.jpg,640,640,dummy,298,370,410,589
WIN_20240405_19_17_31_Pro_jpg.rf.db815d353b60b0bf74daf36115a80b6b.jpg,640,640,real,419,374,577,640
WIN_20240405_19_10_21_Pro_jpg.rf.d98924054e2c9d528c3ca4f86e88ca6b.jpg,640,640,real,78,396,226,640
WIN_20240405_19_10_21_Pro_jpg.rf.d98924054e2c9d528c3ca4f86e88ca6b.jpg,640,640,real,272,343,395,613
WIN_20240405_19_10_21_Pro_jpg.rf.d98924054e2c9d528c3ca4f86e88ca6b.jpg,640,640,dummy,374,430,501,640
WIN_20240405_19_12_47_Pro_jpg.rf.e06f7c21162fa64602f7d7df479118da.jpg,640,640,dummy,74,385,182,604
WIN_20240405_19_12_47_Pro_jpg.rf.e06f7c21162fa64602f7d7df479118da.jpg,640,640,real,132,284,245,479
WIN_20240405_19_12_47_Pro_jpg.rf.e06f7c21162fa64602f7d7df479118da.jpg,640,640,dummy,244,364,348,578
WIN_20240405_19_12_47_Pro_jpg.rf.e06f7c21162fa64602f7d7df479118da.jpg,640,640,real,311,265,417,447
WIN_20240405_19_12_47_Pro_jpg.rf.e06f7c21162fa64602f7d7df479118da.jpg,640,640,real,375,349,512,611
WIN_20240405_19_16_36_Pro_jpg.rf.e15439848880a5ed7f7c48e8ab366503.jpg,640,640,real,69,326,205,546
WIN_20240405_19_16_36_Pro_jpg.rf.e15439848880a5ed7f7c48e8ab366503.jpg,640,640,dummy,208,356,311,560
WIN_20240405_19_16_36_Pro_jpg.rf.e15439848880a5ed7f7c48e8ab366503.jpg,640,640,dummy,324,383,435,613
WIN_20240405_19_10_31_Pro_jpg.rf.e7d242e9338eba807dd0ccbae2b5f35d.jpg,640,640,dummy,63,435,181,640
WIN_20240405_19_10_31_Pro_jpg.rf.e7d242e9338eba807dd0ccbae2b5f35d.jpg,640,640,dummy,272,427,394,640
WIN_20240405_19_10_31_Pro_jpg.rf.e7d242e9338eba807dd0ccbae2b5f35d.jpg,640,640,real,140,314,251,543
WIN_20240405_19_10_31_Pro_jpg.rf.e7d242e9338eba807dd0ccbae2b5f35d.jpg,640,640,real,378,337,499,601
WIN_20240405_19_11_25_Pro_jpg.rf.e5e59118998075f63449a868fca46de5.jpg,640,640,real,162,325,294,558
WIN_20240405_19_11_25_Pro_jpg.rf.e5e59118998075f63449a868fca46de5.jpg,640,640,real,399,358,557,609
WIN_20240405_19_11_25_Pro_jpg.rf.e5e59118998075f63449a868fca46de5.jpg,640,640,dummy,284,462,409,640
WIN_20240405_19_16_05_Pro_jpg.rf.e54bbc7e7f950544551299900a615767.jpg,640,640,real,180,319,317,538
WIN_20240405_19_16_05_Pro_jpg.rf.e54bbc7e7f950544551299900a615767.jpg,640,640,dummy,64,363,162,557
WIN_20240405_19_16_05_Pro_jpg.rf.e54bbc7e7f950544551299900a615767.jpg,640,640,dummy,330,346,428,545
WIN_20240405_19_12_26_Pro_jpg.rf.eb610f31b09dd0a5a5202204b9d237a5.jpg,640,640,dummy,146,359,239,559
WIN_20240405_19_12_26_Pro_jpg.rf.eb610f31b09dd0a5a5202204b9d237a5.jpg,640,640,dummy,451,417,567,640
WIN_20240405_19_12_26_Pro_jpg.rf.eb610f31b09dd0a5a5202204b9d237a5.jpg,640,640,real,312,319,451,555
WIN_20240405_19_10_21_Pro_jpg.rf.e948c980d732417a69fb269fc2b2b980.jpg,640,640,real,78,396,226,640
WIN_20240405_19_10_21_Pro_jpg.rf.e948c980d732417a69fb269fc2b2b980.jpg,640,640,real,272,343,395,613
WIN_20240405_19_10_21_Pro_jpg.rf.e948c980d732417a69fb269fc2b2b980.jpg,640,640,dummy,374,430,501,640
WIN_20240405_19_16_29_Pro_jpg.rf.e6462dfccd2098e8193042c25f7bbdab.jpg,640,640,real,71,339,209,580
WIN_20240405_19_16_29_Pro_jpg.rf.e6462dfccd2098e8193042c25f7bbdab.jpg,640,640,dummy,207,352,309,564
WIN_20240405_19_16_29_Pro_jpg.rf.e6462dfccd2098e8193042c25f7bbdab.jpg,640,640,dummy,323,383,436,609
WIN_20240405_19_13_49_Pro_jpg.rf.e9b778ab5c09d9d7f13637f616aa6b62.jpg,640,640,dummy,216,358,321,567
WIN_20240405_19_15_01_Pro_jpg.rf.e9a14134faebb78cda7259af0684dafa.jpg,640,640,dummy,195,299,279,464
WIN_20240405_19_15_01_Pro_jpg.rf.e9a14134faebb78cda7259af0684dafa.jpg,640,640,real,273,292,385,502
WIN_20240405_19_15_19_Pro_jpg.rf.e8c0438735399c23c633d45f37279a91.jpg,640,640,dummy,21,414,137,640
WIN_20240405_19_15_19_Pro_jpg.rf.e8c0438735399c23c633d45f37279a91.jpg,640,640,dummy,162,332,256,523
WIN_20240405_19_15_19_Pro_jpg.rf.e8c0438735399c23c633d45f37279a91.jpg,640,640,real,270,261,378,439
WIN_20240405_19_18_00_Pro_jpg.rf.ee280029c1137dbd5932a0f8b0e90776.jpg,640,640,real,75,417,208,640
WIN_20240405_19_18_00_Pro_jpg.rf.ee280029c1137dbd5932a0f8b0e90776.jpg,640,640,real,211,292,324,504
WIN_20240405_19_18_00_Pro_jpg.rf.ee280029c1137dbd5932a0f8b0e90776.jpg,640,640,real,333,376,461,640
WIN_20240405_19_18_00_Pro_jpg.rf.ee42d1522c85a1088b0c405b52dc44f1.jpg,640,640,real,75,417,208,640
WIN_20240405_19_18_00_Pro_jpg.rf.ee42d1522c85a1088b0c405b52dc44f1.jpg,640,640,real,211,292,324,504
WIN_20240405_19_18_00_Pro_jpg.rf.ee42d1522c85a1088b0c405b52dc44f1.jpg,640,640,real,333,376,461,640
WIN_20240405_19_16_36_Pro_jpg.rf.ef4047a264e7d99f3364db9ac453649b.jpg,640,640,real,69,326,205,546
WIN_20240405_19_16_36_Pro_jpg.rf.ef4047a264e7d99f3364db9ac453649b.jpg,640,640,dummy,208,356,311,560
WIN_20240405_19_16_36_Pro_jpg.rf.ef4047a264e7d99f3364db9ac453649b.jpg,640,640,dummy,324,383,435,613
WIN_20240405_19_13_36_Pro_jpg.rf.f161a24b94e29576d727c010e9c05137.jpg,640,640,real,230,417,395,640
WIN_20240405_19_13_36_Pro_jpg.rf.f161a24b94e29576d727c010e9c05137.jpg,640,640,dummy,124,413,243,640
WIN_20240405_19_14_18_Pro_jpg.rf.e837e3a1be509b6dc2a8bcc083c9c7fb.jpg,640,640,real,79,336,221,562
WIN_20240405_19_14_18_Pro_jpg.rf.e837e3a1be509b6dc2a8bcc083c9c7fb.jpg,640,640,real,266,294,385,503
WIN_20240405_19_15_29_Pro_jpg.rf.f3943ea148ab247b83d8a619b2825a57.jpg,640,640,real,81,317,203,543
WIN_20240405_19_15_29_Pro_jpg.rf.f3943ea148ab247b83d8a619b2825a57.jpg,640,640,dummy,273,329,356,521
WIN_20240405_19_17_53_Pro_jpg.rf.f53e3f616674ddc37e563ba12321d018.jpg,640,640,real,75,416,206,640
WIN_20240405_19_17_53_Pro_jpg.rf.f53e3f616674ddc37e563ba12321d018.jpg,640,640,real,188,302,316,510
WIN_20240405_19_17_53_Pro_jpg.rf.f53e3f616674ddc37e563ba12321d018.jpg,640,640,real,325,362,487,620
WIN_20240405_19_16_29_Pro_jpg.rf.f3efc8b955e05949945470aed94fb8d7.jpg,640,640,real,71,339,209,580
WIN_20240405_19_16_29_Pro_jpg.rf.f3efc8b955e05949945470aed94fb8d7.jpg,640,640,dummy,207,352,309,564
WIN_20240405_19_16_29_Pro_jpg.rf.f3efc8b955e05949945470aed94fb8d7.jpg,640,640,dummy,323,383,436,609
WIN_20240405_19_09_19_Pro_jpg.rf.f3a19a971f368719fb13202647a941af.jpg,640,640,real,94,327,224,550
WIN_20240405_19_09_19_Pro_jpg.rf.f3a19a971f368719fb13202647a941af.jpg,640,640,dummy,229,332,324,529
WIN_20240405_19_09_19_Pro_jpg.rf.f3a19a971f368719fb13202647a941af.jpg,640,640,dummy,346,331,438,517
WIN_20240405_19_10_26_Pro_jpg.rf.f584463f19c740932d210ea9a845eb01.jpg,640,640,dummy,61,433,183,640
WIN_20240405_19_10_26_Pro_jpg.rf.f584463f19c740932d210ea9a845eb01.jpg,640,640,dummy,375,430,498,640
WIN_20240405_19_10_26_Pro_jpg.rf.f584463f19c740932d210ea9a845eb01.jpg,640,640,real,140,315,248,544
WIN_20240405_19_10_26_Pro_jpg.rf.f584463f19c740932d210ea9a845eb01.jpg,640,640,real,268,349,394,607
WIN_20240405_19_09_13_Pro_jpg.rf.f44c7f07cfba2021c3f99745c4186612.jpg,640,640,dummy,113,352,209,547
WIN_20240405_19_09_13_Pro_jpg.rf.f44c7f07cfba2021c3f99745c4186612.jpg,640,640,dummy,346,328,432,516
WIN_20240405_19_09_13_Pro_jpg.rf.f44c7f07cfba2021c3f99745c4186612.jpg,640,640,real,224,299,349,504
WIN_20240405_19_13_49_Pro_jpg.rf.f5e760fd67ddcebe761b67943368236f.jpg,640,640,dummy,216,358,321,567
WIN_20240405_19_16_12_Pro_jpg.rf.fb0d3b3f5594ffdb60f16e2c34f92df5.jpg,640,640,dummy,16,438,140,640
WIN_20240405_19_16_12_Pro_jpg.rf.fb0d3b3f5594ffdb60f16e2c34f92df5.jpg,640,640,dummy,337,443,460,640
WIN_20240405_19_16_12_Pro_jpg.rf.fb0d3b3f5594ffdb60f16e2c34f92df5.jpg,640,640,real,139,408,310,640
WIN_20240405_19_13_49_Pro_jpg.rf.fd4973b9f6dc8a94c1c015ee8e78ebb3.jpg,640,640,dummy,216,358,321,567
WIN_20240405_19_10_26_Pro_jpg.rf.ff9478bf5588d19b75f01db01278c69d.jpg,640,640,dummy,61,433,183,640
WIN_20240405_19_10_26_Pro_jpg.rf.ff9478bf5588d19b75f01db01278c69d.jpg,640,640,dummy,375,430,498,640
WIN_20240405_19_10_26_Pro_jpg.rf.ff9478bf5588d19b75f01db01278c69d.jpg,640,640,real,140,315,248,544
WIN_20240405_19_10_26_Pro_jpg.rf.ff9478bf5588d19b75f01db01278c69d.jpg,640,640,real,268,349,394,607
WIN_20240405_19_18_19_Pro_jpg.rf.fcda046f9e228a95d1a58dd865b8ed61.jpg,640,640,dummy,35,402,142,612
WIN_20240405_19_18_19_Pro_jpg.rf.fcda046f9e228a95d1a58dd865b8ed61.jpg,640,640,dummy,149,462,256,640
WIN_20240405_19_18_19_Pro_jpg.rf.fcda046f9e228a95d1a58dd865b8ed61.jpg,640,640,real,211,287,328,504
WIN_20240405_19_18_19_Pro_jpg.rf.fcda046f9e228a95d1a58dd865b8ed61.jpg,640,640,real,320,348,444,606
WIN_20240405_19_12_26_Pro_jpg.rf.f8acd874bdabb09ad0aa093e35adb8af.jpg,640,640,dummy,146,359,239,559
WIN_20240405_19_12_26_Pro_jpg.rf.f8acd874bdabb09ad0aa093e35adb8af.jpg,640,640,dummy,451,417,567,640
WIN_20240405_19_12_26_Pro_jpg.rf.f8acd874bdabb09ad0aa093e35adb8af.jpg,640,640,real,312,319,451,555
WIN_20240405_19_16_15_Pro_jpg.rf.f8a8305e131bf5d8dfd490fc4c4e1b76.jpg,640,640,dummy,18,436,138,640
WIN_20240405_19_16_15_Pro_jpg.rf.f8a8305e131bf5d8dfd490fc4c4e1b76.jpg,640,640,dummy,338,442,464,640
WIN_20240405_19_16_15_Pro_jpg.rf.f8a8305e131bf5d8dfd490fc4c4e1b76.jpg,640,640,real,190,356,361,612